AAA	0.0714442857142857
AAC	0.050011
AAG	0.0307949507389163
AAT	0.113920273348519
ACA	0.124993126890105
ACC	0.063145202020202
ACG	0.21934649122807
ACT	0.0454645454545455
AGA	0.0454645454545455
AGC	0.250055
AGG	0.110643805309735
AGT	0.569601366742597
ATA	0.249892569829611
ATC	0.0534305555555556
ATG	0.050011
ATT	0.03847
CAA	0.0555677777777778
CAC	0.0714442857142857
CAG	0.128894329896907
CAT	0.162743247640742
CCA	0.050009999800004
CCC	0.347298611111111
CCG	0.156284375
CCT	0.250055
CGA	11.3920273348519
CGC	0.115766203703704
CGG	0.50011
CGT	0.0833516666666667
CTA	0.166703333333333
CTC	0.50011
CTG	0.520947916666667
CTT	1.13920273348519
GAA	0.0357221428571429
GAC	0.031256875
GAG	0.0771774691358025
GAT	0.0712001708428246
GCA	0.1
GCC	0.063145202020202
GCG	0.31256875
GCT	0.0454645454545455
GGA	0.166703333333333
GGC	0.031256875
GGG	0.168956081081081
GGT	0.0712001708428246
GTA	0.249880083941241
GTC	0.0496140873015873
GTG	0.189435606060606
GTT	0.0357221428571429
TAC	1.00
TAT	0.01
TCA	0.1666422311819
TCC	0.063145202020202
TCG	0.255158163265306
TCT	0.0454645454545455
TGC	0.1250275
TGG	0.0833516666666667
TGT	0.284800683371298
TTA	0.0714442857142857
TTC	0.050011
TTG	0.040858660130719
TTT	0.113920273348519
